Dropzone Name,,State/County,Country,Address
Abu Dhabi Skydive,Abu Dhabi,,United Arab Emirates,Abu Dhabi Sports Aviation Club
Aerohio Skydiving Center,Ashland,OH,United States,Ashland County Airport
Air Bears - Skydiving Club at Berkeley,Berkeley,CA,United States,Yolo County Airport
Air Play Parachutisme,Cannes,,France,Fayence-Tourettes Airfield
Airborne Petawawa,Petawawa,,Canada,Pembroke Area Airport
Aircrew & Airfox Skydiving Academy,Frankfurt,,Germany,
Aire Skydive,Medellin,Yolombo,Colombia,EOH Airport
Alaska Skydive Center,Anchorage,AK,United States,Palmer Municipal Airport
Alberta Skydive Central,Edmonton,,Canada,Westlock Airport
Alliance Sport Parachute Club,Pittsburgh,PA,United States,Petersburg Airport
Bay Area Skydiving,San Francisco,CA,United States,Byron Airport
Beni Mellal DZ,Beni Mellal,,Morocco,Beni Mellal Airport
Big Island Gravity,Kailua Kona,HI,United States,Upolu Airport Hawi
Blue Skies Skydiving Club,Indianapolis,IN,United States,Frankfort Municipal Airport
Blue Sky Ranch,New York,NY,United States,Gardiner Airport
Body Fly University,Reggio Emilia,,Italy,Teodore Airport
Boston Skydive Center,Providence,RI,United States,North Central State Airport
BT Chengdu Skydive,Chengdu,Chongzhou,China,Chengzhou Haoyun Airport
Canton Air Sports,Akron,OH,United States,Barber Airport Alliance
Chattanooga Skydiving Company,Chattanooga,TN,United States,Marion County Airport
Chicagoland Skydiving Center,Rochelle,IL,United States,Rochelle Municipal Airport
Chicagoland Skydiving Center,Chicago,IL,United States,Krentz Field Rochelle
China Skydivers-Yingfei,Guangzhou,Guangdong,China,Tiantang Airport 
Cleveland Skydiving Center,Cleveland,OH,United States,Gates Airport
Cloud Chasers,Slidell,LA,United States,Slidell Municipal Airport
Complete Parachute Solutions Bishop,Bishop,CA,United States,Bishop Airport
Complete Parachute Solutions Tactical Training Facility,Coolidge,AZ,United States,Coolidge Municipal Airport     
Condor de los Andes,Quito,,Ecuador,Pista La Celeste Airport La Concordia  
Connecticut Parachutists Inc.,Hartford,CT,United States,Ellington Airport      
Crystal Coast Skydiving,Beaufort,NC,United States,Michael J Smith Field Beaufort   
Des Moines Skydivers,Des Moines,IA,United States,Knoxville Municipal Airport     
Desafio Vertical,Jaco,,Costa Rica,Tambor       
Dropzone Denmark,Aarhus,,Denmark,Herning Airport      
Dropzone Prostejov,Brno,,Czech Republic,Prostejov Airport      
Dropzone Thailand Co. Ltd,Bangkok,,Thailand,Dropzone Airfield Klaeng District    
DZ Pribram,Prague,,Czech Republic,Pribram       
DZONE Skydiving-Boise,Boise,ID,United States,Parma Municipal Airport     
DZONE Skydiving-Bozeman,Bozeman,MT,United States,Fairfield Airport Three Forks    
Eagles Skydive Sri Lanka-Koggala,Koggala,,Sri Lanka,Air Force Station Koggala Galle   
Ecole de Parachutisme de Chateau-d'Oex,Geneva,,Switzerland,Aerodrome de la Gruyere    
Elevate Skydive,Cuautla,,Mexico,Elevate Private Airstrip Cuauhtemoc    
Epico Skydive,Barranquilla,,Colombia,Aeropuerto Las Campanos Barranquilla    
Eugene Skydive,Eugene,OR,United States,Hobby Field Airport Creswell    
Falcon Skydiving,Kansas City,MO,United States,Mauhs Ark Airport Kansas City   
Fano Sky Team S.S.D.,Ancona,,Italy,Fano Airport      
Federacao Paulista De Paraquedismo,Boituva,,Brazil,Aeroporto De Boituva     
Flight Providers LLC,Springfield,MO,United States,M Graham Clark     
Florida Skydive,Coleman,FL,United States,Central Florida Airpark Coleman    
Fly 974 Tandem,Saint Pierre Reunion,,France,Aeroport de Pierrefonds Saint Pierre Reunion  
Flying Tigers Sport Parachute Center,Anderson,SC,United States,Anderson Regional Airport     
FSC Suedpfalz E.V.,Frankfurt,,Germany,Schweighofen Airport Rheinland-Pfalz     
Fyrosity,Overton,NV,United States,Perkins Field Airport Overton    
Go Jump Kenya,Mombasa,,Kenya,Vipingo Ridge Airport Mombasa    
GoJump Hawaii,Honolulu,HI,United States,Kawaihapai Airfield Honolulu     
GoJump Las Vegas,Las Vegas,NV,United States,Jean Airport      
GoJump Oceanside,Oceanside,CA,United States,Oceanside Airport      
GoJump Oceanside,San Diego,CA,United States,Oceanside Airport      
Hellenic Skydivers,Athens,,Greece,Thiva Perneri Airfield Athens    
High Sky Adventure Parachute Club,Canon City,CO,United States,Fremont County Airport Penrose    
iJump Gran Canaria,Las Palmas de Gran Canaria,,Spain,Aerodromo El Berriel Las Palmas de Gran Canaria
International Pink Parachute Club,Prague,,Czech Republic,Skydive Pink Klatovy     
Irish Parachute Club Ltd.,Dublin,,Ireland,Clonbullogue Airfield Offaly     
iSkydive America - Charlevoix,Traverse City,MI,United States,Charlevoix Municipal Airport     
iSkydive America - Dallas,Dallas,TX,United States,Ennis Municipal Airport     
iSkydive America - Detroit,East Lansing,MI,United States,Maple Grove Airport Fowlerville    
iSkydive America - Los Angeles,Los Angeles,CA,United States,Helendale Airport      
iSkydive America - New York City,New York City,NY,United States,Greenwood Lake Airport West Milford   
iSkydive America - Washington D.C.,Washington,DC,United States,Warrenton Fauquier County Airport Midland   
Jump Florida Skydiving,Orlando,FL,United States,Lake Wales Airport     
Jump Georgia Skydiving,Savannah,GA,United States,Plantation Airpark Sylvania     
Jump Omaha,Plattsmouth,NE,United States,Plattsmouth Municipal Airport Plattsmouth    
Jump TN,Greeneville,TN,United States,Greeneville Municipal Airport     
Jumptown/MSRC Inc.,Boston,MA,United States,Orange Municipal Airport     
Just Jump Skydiving,Norwich,NY,United States,Lt Warren Eaton Airport Norwich   
Kansas State University Parachute Club,Salina,KS,United States,Abilene Municipal Airport     
Kapowsin Air Sports,Olympia,WA,United States,Sanderson Field Shelton     
Krutitcy,Moscow,,Russia,Krutitcy Airbase Shilovo     
Kuwait Skydive & Fly,Kuwait City,,Kuwait,Al Khiran      
Lincoln Sport Parachute Club,Lincoln,NE,United States,Browne Airport Weeping Water    
Long Island Skydiving Center,New York,NY,United States,Brookhaven Airport Shirley     
Los Garrapateros Paracaidismo,Guayaquil,,Ecuador,Los Bancos-San Vicente     
Malone Parachute Club,Burlington,VT,United States,Franklin County Airport     
Maui Skydiving,Kahului,HI,United States,Hana Airport      
Maytown Sport Parachute Club,Harrisburg,PA,United States,Donegal Springs Airport Marietta    
Meadow Peak Skydiving,Kalispell,MT,United States,Glacier Field Airport     
Miami Skydiving Center,Miami,FL,United States,Tamiami Airport Miami     
Mid-America Sport Parachute Club,Springfield,IL,United States,Taylorville Municipal Airport     
Midwest Freefall Sport Parachute Club Inc.,Detroit,MI,United States,Kuntzmans Airfield Ray     
Mile-Hi Skydiving Center Inc.,Denver,CO,United States,Vance Brand Airport Longmont    
Military Freefall Solutions Inc.,Yuma,AZ,United States,Blythe       
Music City Skydiving,Nashville,TN,United States,Humphreys County Airport Waverly    
No Limits Skydiving - Victoria,Victoria,TX,United States,Luening County Airport Victoria    
No Limits Skydiving - West Point,Richmond,VA,United States,Middle Peninsula Regional Airport Mattaponi   
NorCal Skydiving,San Francisco,CA,United States,Cloverdale Municipal Airport     
Ogden Skydiving Center,Salt Lake City,UT,United States,Ogden-Hinckley Airport      
Oklahoma Skydiving Center,Oklahoma City,OK,United States,Cushing Municipal Airport     
Olimpic Skydive,Wroclaw,,Poland,Mirosławice Airport      
Orange Skies Free Fall Center,Denver,CO,United States,Fort Morgan Municipal Airport    
Ozarks Skydive Center,Springfield,MO,United States,Kingsley Field Miller     
Pacific Coast Skydiving,San Diego,CA,United States,Brown Field      
Pacific Northwest Skydiving Center,Portland,OR,United States,Mulino State Airport     
Paracaidismo Alta Gracia,Cordoba,,Argentina,Alta Gracia Municipal Airport Cordoba   
Paracaidismo Paracondor Peru,Lima,,Peru,Lib Mandi Lima     
Paracentrum Texel,Amsterdam,,Netherlands,Texel Airport de Cocksdorp    
Parachute Montreal Rive-Nord,Montreal,,Canada,Saint-Esprit Airport      
Parachute Montreal Rive-Sud,Montreal,,Canada,Farnham Airport      
Parachute Victoriaville,Montreal,,Canada,Victoriaville Andre Fortin Airport    
Parachutisme Adrenaline Trois-Rivieres,Quebec,,Canada,Trois-Rivieres Airport Quebec     
Parachutisme Atmosphair,Quebec,,Canada,Pintendre Levis      
Paradise Valley Skydiving,Clarksville,AR,United States,Clarksville Municipal Airport     
Paris-Jump,Paris,,France,Aerodrome de St Florentin Cheu   
Pegasus Skydive Center,Allentown,PA,United States,Pegasus Air Park Stroudsburg    
Pepperell Skydiving Center,Boston,MA,United States,Pepperell Airport      
Phoenix Skydive Center,Phoenix,AZ,United States,Casa Grande Municipal Airport    
Piedmont Skydiving,Charlotte,NC,United States,Mid-Carolina Regional Airport Salisbury    
Porterville Training Facility,Bakersfield,CA,United States,Porterville Municipal Airport     
Rattlesnake Mountain Skydiving,Yakima,WA,United States,Prosser Airport      
Rochester Skydivers,Rochester,NY,United States,Berry-Warsaw Airport Perry     
SEMO Skydiving,Cape Girardeau,IL,United States,Cairo Regional Airport     
SEMO Skydiving,Cape Girardeau,MO,United States,Cairo Regional Airport     
Seven Hills Skydivers of Madison WI,Madison,WI,United States,York Corners Airport     
Silicon Valley Skydiving,San Jose,CA,United States,San Martin Airport     
Sin City Skydiving,Las Vegas,NV,United States,Jean Sport Aviation Center    
Sky Kef,Beer Sheva,,Israel,Ramat Airport Beer Sheva    
SkyDance SkyDiving,Davis,CA,United States,Yolo County Airport     
Skydive Adventures,Luverne,MN,United States,Quentin Aanenson Airport Luverne    
Skydive Airtight,Tulsa,OK,United States,Skiatook Municipal Airport     
Skydive Alabama,Vinemont,AL,United States,Cullman Regional Airport-Folsom Field    
Skydive Algarve,Alvor,,Portugal,Aerodromo Municipal de Portimao Alvor   
Skydive Aloha El Tapihue,Santiago,,Chile,Casablanco       
Skydive Amelia Island,Fernandina Beach,FL,United States,Fernandina Beach Municipal Airport    
Skydive America - Miami,Miam,FL,United States,Homestead General Aviation Airport    
Skydive Andes,Santiago,,Chile,San Enrique Quillota Diablos Melipilla   
Skydive Angola,Aeroporto de Cabóledo,,Angola,       
Skydive Arizona,Eloy,AZ,United States,4900 N Taylor St    
Skydive Armheli,Yerevan,,Armenia,Jrvezh Helipad      
Skydive Aros,Stockholm,,Sweden,Johannsbergs Flygplats Airport Stockholm Vasteras   
Skydive Athens,Athens,,Greece,Korinthi Airfield Kleiston     
Skydive Atlanta,Atlanta,GA,United States,Thomaston Upson County Airport    
Skydive Attica,Athens,,Greece,Megara General Aviation Airport    
Skydive BCN,Barcelona,,Spain,Aerodromo Barcelona Bages Sant Fruitos de Bages 
Skydive Beijing,Beijing,,China,Beijing Shifosi Airport     
Skydive Bend,Bend,OR,United States,Madras Municipal Airport Madras    
Skydive Botswana,Gaborone,,Botswana,Sir Seretse Khama International Gaborone   
Skydive Bovec,Nova Gorica,,Slovenia,Bovec Airport      
Skydive Broncos at Western Michigan University,Ann Arbor,MI,United States,Skydive Tecumseh      
Skydive Buckeye,Phoenix,AZ,United States,Buckeye Municipal Airport     
Skydive Burnaby,Vancouver,,Canada,Port Colborne Airport Wainfleet    
Skydive California,Tracy,CA,United States,Skydive California Airport     
Skydive Caribbean,Caracas,,Venezuela,Higuerote Airport      
Skydive Carolina!,Charlotte,NC,United States,Chester Municipal Airport     
Skydive Castroville,San Antonio,TX,United States,Castroville Municipal Airport     
Skydive Central New York,Syracuse,NY,United States,Whitfords Airport Weedsport     
Skydive Central North Carolina LLC,Charlotte,NC,United States,Laceys Airport Maiden     
Skydive Chascomus,Buenos Aires,,Argentina,Aeroclub Chascomus      
Skydive Chelan,Wenatchee,WA,United States,Lake Chelan Airport Chelan    
Skydive Cherokee,Muskogee,OK,United States,Davis Field Airport     
Skydive Chesapeake,Annapolis,MD,United States,Coolen Airpark Ridgely     
Skydive Chiang Mai,Chiang Mai,,Thailand,Phuanfah Airfield Mae Taeng Chiang Mai  
Skydive Chicago Inc.,Chicago,IL,United States,Skydive Chicago Airport Ottawa    
Skydive Cincinnati,Cincinnati,OH,United States,Red Stewart Airfield Waynesville    
Skydive City Zephyrhills,Zephyrhills,FL,United States,Zephyrhills Municipal Airport     
Skydive Coastal Carolinas,Wilmington,NC,United States,Cape Fear Regional Jetport Oak Island  
Skydive Coastal Maine,Portland,ME,United States,Biddeford Municipal Airport     
Skydive Colorado,Denver,CO,United States,Limon Municipal Airport     
Skydive Colorado Springs,Colorado Springs,CO,United States,Fremont County Airport Penrose    
Skydive Costa D'Argento,Rome,,Italy,Avioaperficie Costa DArgento Orbetello    
Skydive Croatia,Zagreb,,Croatia,Airport Lucko Zagreb     
Skydive Cross Keys,Philadelphia,PA,United States,Cross Keys Airport Williamstown    
Skydive Cuautla,Mexico City,,Mexico,Aeropuerto de Huitzililla Morelos    
Skydive Danielson,Providence,RI,United States,Danielson Airport      
Skydive Deland,DeLand,FL,United States,1600 Flightline Blvd     
Skydive Dubai Desert Campus,Dubai,,United Arab Emirates,Skydive Dubai Airport     
Skydive Duluth,Duluth,MN,United States,Richard I Bong Airport    
Skydive East Coast,Atlantic City,NJ,United States,Eagles Nest Airport West Creek   
Skydive East Tennessee,Knoxville,TN,United States,Dumplin Field Airport Dandridge    
Skydive East Texas,Longview,TX,United States,Gladewater Municipal Airport     
Skydive Egypt - Jump Like a Pharaoh,Cairo,,Egypt,Cairo International Airport     
Skydive Elsinore,Lake Elsinore,CA,United States,Skylark Airport      
Skydive Empuriabrava,Barcelona,,Spain,Empuriabrava Airport      
Skydive Estonia,Tallinn,,Estonia,Rapla Airfield      
Skydive Fargo Inc.,Fargo,ND,United States,West Fargo Airport     
Skydive Fayetteville,Fayetteville,AR,United States,Drake Field Airport     
Skydive FlyGang F4F DZone,Bologna,,Italy,Aviosuperficie Modenese      
Skydive Freefall Adventure LLC,Green Bay,WI,United States,Carter Airport Pulaski     
Skydive Front Royal,Washington,DC,United States,Warren County Airport     
Skydive Fujioka,Tokyo,,Japan,Skyfield Watanuse Fujioka     
Skydive Fyrosity,Overton,NV,United States,       
Skydive Georgia,Cedartown,GA,United States,Cornelius Moore Airport Cedartown    
Skydive Golden,Girardot,,Colombia,Santiago Vila Airport Flandes    
Skydive Golden Gate,Novato,CA,United States,Marin County Airport     
Skydive Grand Haven,Grand Haven,MI,United States,Grand Haven Memorial Airpark    
Skydive Greece,Athens,,Greece,General Aviation Airport of Pachi Megara  
Skydive Hailing Island,Yangjiang,,China,Hailing Airport Yangjiang     
Skydive Hainan,Danzhou,,China,Danzhou Heqing General Aviation Hainan Danzhou  
Skydive Indianapolis,Indianapolis,IN,United States,Frankfort Municipal Airport     
Skydive Iowa,Des Moines,IA,United States,Skydive Iowa Airport Brooklyn    
Skydive Kapowsin,Shelton,WA,United States,       
Skydive Karjala,Imatra,,Finland,Immola Airport      
Skydive Kentucky,Louisville,KY,United States,Addington Field Elizabethtown     
Skydive Key West,Key West,FL,United States,Sugarloaf Shores Airport     
Skydive Klaipeda,Klaipeda,,Lithuania,Klaipedos Aerodromas      
Skydive Korea,Yeoju Station,,Republic of Korea,Chung-Ju Airport      
Skydive La Celeste,La Concordia,,Ecuador,Pista Aerea La Celeste La Concordia  
Skydive Lake Tahoe,South Lake Tahoe,NV,United States,Minden-Tahoe Airport      
Skydive Las Vegas,Las Vegas,NV,United States,Boulder City Municipal Airport    
Skydive Latvia,Riga,,Latvia,Langaci-Limbazi Airport      
Skydive Lucca,Lucca,,Italy,Aeroporto Capannori Lucca Capannori    
Skydive Madera,Fresno,CA,United States,Madera Municipal Airport     
Skydive Madrid,Madrid,,Spain,El Quijote&Lillo      
Skydive Manavgat,Antalya,,Turkey,Antalya       
Skydive Marana,Tucson,AZ,United States,Marana Regional Airport     
Skydive Mesquite,Las Vegas,NV,United States,Mesquite Municipal Airport     
Skydive Midwest,Chicago,IL,United States,Sylvanie Airport Sturtevant     
Skydive Milwaukee/Sky Knights Sport Parachute Club,Milwaukee,WI,United States,East Troy Municipal Airport    
Skydive Missoula,Missoula,MT,United States,Stevensville Airport      
Skydive Moab,Grand Junction,CO,United States,Moab Airport      
Skydive Monkey Head,Mexico City,,Mexico,Aeropuerto de Cuernavaca     
Skydive Monroe,Atlanta,GA,United States,Monroe-Walton County Airport     
Skydive Monterrey,Monterrey,,Mexico,Aerodromo Iturbide Roberto Chavez General Teran  
Skydive Mt. Whitney,Lone Pine,CA,United States,Lone Pine Death Valley Airport   
Skydive NEPA,Scranton,PA,United States,Seamans Airport Factoryville     
Skydive New England,Lebanon,ME,United States,Skydive New England Airport Lebanon   
Skydive Newport,Newport,RI,United States,Newport State Airport Middletown    
Skydive Northstar,Twin Cities,MN,United States,Waseca Municipal Airport     
Skydive OBX,Norfolk,VA,United States,Dare County Regional Airport Manteo   
Skydive Ocean City,Ocean City,MD,United States,Ocean City Municipal Airport Berlin   
Skydive Ontario,Toronto,,Canada,Cayuga East Airport     
Skydive Orange Inc.,Washington,DC,United States,Orange County Airport     
Skydive Oregon Inc.,Molalla,OR,United States,Skydive Oregon Airport Molalla    
Skydive Palatka,Jacksonville,FL,United States,Kay Larkin Field     
Skydive Palm Beach,Wellington,FL,United States,Palm Beach County Glades Airport Pahokee  
Skydive Panama City,Panama City,FL,United States,Tri County Airport Bonifay    
Skydive Panda - Chongqing,Chongqing,,China,Chongqing Liangang Airport     
Skydive Paracaidismo Nuevo Leon,Monterrey,,Mexico,Aeropuerto Del Norte Nuevo Leon   
Skydive Paraclete XP,Fayetteville,NC,United States,PK Airpark Raeford     
Skydive Pennsylvania,Pittsburgh,PA,United States,Grove City Airport Mercer    
Skydive Perris,Perris,CA,United States,2091 Goetz Rd     
Skydive Perris,Los Angeles,CA,United States,Perris Valley Airport     
Skydive Pharaohs,Cairo,,Egypt,New Capital Airport     
Skydive Philadelphia,Philadelphia,PA,United States,Pennridge Airport Perkasie     
Skydive Phoenix,Maricopa,AZ,United States,Hidden Valley Airport     
Skydive Portugal,Evora,,Portugal,Aerodromo Municipal de Evora    
Skydive Puebla,Puebla,,Mexico,Aerodromo de Atloaco     
Skydive Puerto Rico,San Juan,PR,United States,Antonio Juarbe Pol Airport Arecibo   
Skydive Riyue Bay,Wanning,,China,Qiong An Airport Wanning    
Skydive Saar (FSZ - Saar),Saarlouis,,Germany,Saarlouis-Dueren       
Skydive San Diego,San Diego,CA,United States,Nichols Field Jamul     
Skydive San Joaquin Valley,Los Angeles,CA,United States,218 Cooper Field Bakersfield    
Skydive San Miguel,San Miguel,,El Salvador,Usulatan El Placatel     
Skydive Santa Barbara,Santa Barbara,CA,United States,Lompoc Airport      
Skydive Santa Fe - Cebu,Cebu,,Philippines,Bantayan Island Airport     
Skydive Saratoga,Saratoga Springs,NY,United States,Heber Airport Gansevoort     
Skydive Sardegna,Cagliari,,Italy,Sardegna Airfield      
Skydive Saulgau,Ulm,,Germany,Bad Saulgau Airport     
Skydive Sebastian,Orlando,FL,United States,Sebastian Municipal Airport     
Skydive Seneca Lake,Geneva,NY,United States,Ovid Airport      
Skydive Shamrat (Sky-Jump),Tamar,,Israel,Bar Yehuda Airfield Tamar Regional Council  
Skydive Shenandoah,Washington,DC,United States,New Market Airport     
Skydive Siquijor,Dumaguete,,Philippines,Siquijor Airport      
Skydive Skydown,Caldwell,ID,United States,Caldwell Executive Airport     
Skydive Slavnica,Trencin,,Slovakia,Slavnica Airport      
Skydive Snohomish Inc.,Seattle,WA,United States,Harvey Field Snohomish     
Skydive Sofia,Sofia,,Bulgaria,Airfield of Ihtiman Ihtiman    
Skydive South Atlanta,Atlanta,GA,United States,Spaceland Airport Rockmart 45    
Skydive Spa,Liege,,Belgium,Aerodrome de la Sauveniere    
Skydive Space Center Inc.,Titusville,FL,United States,Arthur Dunn Airpark Titusville    
Skydive Spaceland-Clewiston,Ft. Lauderdale,FL,United States,Airglades Airport Clewiston     
Skydive Spaceland-Dallas,Dallas,TX,United States,Tri-County Aerodrome Whitewright     
Skydive Spaceland-Houston,Houston,TX,United States,BB Airpark Rosharon     
Skydive Spaceland-San Marcos,Austin,TX,United States,Fentress Airpark      
Skydive Spain,Seville,,Spain,Aerodromo La Juliana Sevilla    
Skydive STL,St. Louis,MO,United States,Sullivan Airport      
Skydive Suffolk,Virginia Beach,VA,United States,Suffolk Airport      
Skydive Sussex,New York City,NY,United States,Sussex County Airport     
Skydive SW Florida Club,Punta Gorda,FL,United States,Shell Creek Airport Punta Gorda   
Skydive Switzerland,Interlaken,,Switzerland,Reichenbach Airport      
Skydive Taiwan,Taitung,,China,Taitung Airport      
Skydive Taiwan,Taitung,,Republic of China,Taitung Airport      
Skydive Tanger,Tangier,,Morocco,Boukhalef Tangier      
Skydive Taroudant,Taroudant,,Morocco,Aeroport Taroudant      
Skydive TC,Traverse City,MI,United States,Cherry Capital Airport Traverse City   
Skydive Tecumseh,Jackson,MI,United States,Napoleon Airport      
Skydive Thailand,Bangkok,,Thailand,Khanong Phra Airport Nakhon Ratchasima   
Skydive The Bahamas,Freeport,,Bahamas,Grand Bahama International Airport Freeport   
Skydive The Falls,Niagara Falls,NY,United States,Windsor Shear Airport Youngstown    
Skydive The Farm,Atlanta,GA,United States,Cornelius Moore Airport Cedartown    
Skydive the Gulf,Elberta,AL,United States,Perdido Winds Airpark     
Skydive The Ranch,New York,NY,United States,Gardner Airport Gardiner     
Skydive the Wasatch,Salt Lake City,UT,United States,Nephi Municipal Airport     
Skydive Thessaloniki,Thessaloniki,,Greece,Giannitsa Airport      
Skydive Thiene,Vicenza,,Italy,Aeroporto A Ferrarin     
Skydive Thru Quero Saltar,São Paulo,,China,Airfield Boituva      
Skydive Toledo,Toledo,OH,United States,Ed Carlson Memorial Field/Winlock Airport   
Skydive Transilvania,Cluj-Napoca,,Romania,Campia Airfield      
Skydive Twin Cities,St. Paul,MN,United States,Baldwin International Airport     
Skydive UC Davis,Davis,CA,United States,Yolo County Airport Davis    
Skydive Unique Clouds,Riyadh,,Saudi Arabia,Mulhm Airport      
Skydive Utah,Salt Lake City,UT,United States,Tooele Valley Airport Erda    
Skydive Vancouver,Vancouver,,Canada,Skydive Vancouver Airport British Columbia   
Skydive Vancouver Island,Nanaimo,,Canada,Qualicum Beach Airport     
Skydive Vatulino,Moscow,,Russia,Vatulino Airfield Ruza     
Skydive Weiand,Haikou,,China,Xi Qing Airport Ding Zhou   
Skydive West Plains,Spokane,WA,United States,Ritzville Aero Recreation     
Skydive Whitefish,Whitefish,MT,United States,Whitefish Airport      
Skydive Wissota/Indianhead SPC,Chippewa Falls,WI,United States,Lake Wissota Airport Chippewa Falls   
Skydive Yosemite,Yosemite,CA,United States,Mariposa-Yosemite Airport      
Skydive Zadar,Zadar,,Croatia,Zadar Airport Botsanac     
Skydive Zanzibar,Zanzibar City,,Tanzania,Nungwi Airport      
Skydive ZhuHai,Zhuhai,,China,Yanguan Airport Zhuitan City    
Skydiving Kansai,Kyoto,,Japan,Tajima Kansai      
Skyhigh India,Narnaul,,India,Narnaul Airport      
Skylark Skydive,Austin,TX,United States,Skylark Airfield Killeen     
Start Skydiving,Cincinnati,OH,United States,Middletown Regional Airport     
Sun City Skydive,Santa Teresa,NM,United States,Dona Ana County International Airport Santa Teresa 
Texas Skydiving,Austin,TX,United States,Lexington Airfield      
Thai Sky Adventures Ltd.,Bangkok,,Thailand,Nong Khao Airfield Chon Buri Pattaya  
The California Parachute Club,Livermore,CA,United States,       
Timisoara Parachute Club Sportiv,Timisoara,,Romania,Sannihaiu German Aerodrome     
TNT-Brothers Dropzone,Bucharest,,Romania,Clinceni Airport      
TNT-Brothers Seaside,Constanta,,Romania,Aeroport International Tulsa     
Tokyo Skydiving Club,Tokyo,,Japan,Honda Airport Saitama     
UConn Skydiving Club,Ellington,CT,United States,Ellington Airport      
Upstate Skydiving LLC,Union,SC,United States,Union County Airport     
Vermont Skydiving Adventures Inc.,Burlington,VT,United States,Two Farm Acres Airport    
Viva Skydive,Albuquerque,NM,United States,Belen Regional Airport     
Vizone S.S.D.,Milan,,Italy,Carlo de Martino Vercelli    
West Tennessee Skydiving,Memphis,TN,United States,Wings Field Whiteville     
West Virginia Skydivers Inc.,Huntington,WV,United States,Robert Newlon Field Airport    
WNYSkydiving,,NY,United States,Pine Hill Airport Albion    
Xielo Skydive,Girardot,,Colombia,Santiago Vila Flandes     
Yan Huang Skydive,Zhengzhou,,China,Liaoyang Beijiao Airport     
Army Parachute Association,Netheravon,Wiltshire,United Kingdom,"Airfield Camp, Netheravon, Wiltshire, SP4 9SF"
Beccles Skydivers,Beccles,Suffolk,United Kingdom,"Beccles Airfield, Ellough, Beccles, Suffolk, NR34 7XD"
Black Knights Parachute Club,Cockerham,Lancashire,United Kingdom,"Hillam Lane, Cockerham, Lancashire, LA2 0DY"
British Skysports (Hibaldstow),Hibaldstow,Lincolnshire,United Kingdom,"Skydive Hibaldstow, Hibaldstow Airfield, Lincolnshire, DN20 9NN"
Cornish Parachute Club,Perranporth,Cornwall,United Kingdom,"Perranporth Airfield, Higher Trevellas, St Agnes, Cornwall"
Devon & Somerset Parachute School,Dunkeswell,Devon,United Kingdom,"Dunkeswell Airfield, Devon"
GoSkydive,Salisbury,Wiltshire,United Kingdom,"Old Sarum Park, Old Sarum, Salisbury, Wiltshire, SP4 6EB"
Headcorn Parachute Centre,Headcorn,Kent,United Kingdom,"Headcorn Airfield, Headcorn, Kent, TN27 9HX"
London Parachute School,Chiltern Park,Oxfordshire,United Kingdom,"Chiltern Park Aerodrome, Icknield Road, Ipsden, Oxfordshire, OX10 6AS"
North London Parachute Centre,Chatteris,Cambridgeshire,United Kingdom,"Chatteris Airfield, Block Fen Drove, Wimblington, March, Cambridgeshire, PE15 0FB"
North West Parachute Centre,Cockerham,Lancashire,United Kingdom,"Hillam Lane, Cockerham, Lancashire, LA2 0DY"
Peterborough Parachute Centre (Sibson),Wansford,Cambridgeshire,United Kingdom,"Sibson Airfield, Wansford, Peterborough, Cambridgeshire, PE8 6NE"
RAF Sport Parachute Association,Bicester,Oxfordshire,United Kingdom,"RAF Weston-on-the-Green, Bicester, Oxfordshire, OX25 3TQ"
Silver Stars Parachute Team,Netheravon,Wiltshire,United Kingdom,"Airfield Camp, Netheravon, Wiltshire, SP4 9SF"
SkyHigh Skydiving,Shotton Colliery,Durham,United Kingdom,"Shotton Airfield, Shotton Colliery, County Durham, DH6 2NH"
Skydive GB,Bridlington,East Yorkshire,United Kingdom,"East Leys Farm, Grindale, Bridlington, East Yorkshire, YO16 4YB"
Target Skysports (Langar),Langar,Nottinghamshire,United Kingdom,"Langar Airfield, Langar, Nottinghamshire, NG13 9HY"
The Parachute Centre,Tilstock,Shropshire,United Kingdom,"Tilstock Airfield, Whitchurch, Shropshire"
Skydive St Andrews,Glenrothes,Fife,United Kingdom,"Fife Airport, Glenrothes, Fife, KY6 2SL"
Skydive Strathallan,Auchterarder,Perthshire,United Kingdom,"Strathallan Airfield, Auchterarder, Perthshire, PH3 1LA"
Paragon Skydiving,Errol,Perthshire,United Kingdom,"Errol Airfield, Errol, Perthshire, PH2 7TB"
Air Adventures Wales,Haverfordwest,Pembrokeshire,United Kingdom,"Haverfordwest Airfield, Pembrokeshire, Wales"
GoSkydive Swansea,Swansea,Swansea,United Kingdom,"Swansea Airport, Fairwood Common, Swansea, SA2 7JU"
Skydive Ireland,Garvagh,Derry,United Kingdom,"Movenis Airfield, Carrowreagh Road, Garvagh, Coleraine, BT51 5LQ"
Skydive Jersey,Jersey,Jersey,United Kingdom,"La Route de la Haule, Jersey, JE3 7YD"
Skydive Sandown,Sandown,Isle of Wight,United Kingdom,"Sandown Airfield, Scotchells Brook Lane, Sandown, Isle of Wight, PO36 0JP"